uuid,void/retire,Fully specified name:en,Data class,Data type,_version:1,_order:940
dbdb223a-4e14-11e4-8a57-0800271c1b75,TRUE,Bacteremia (not septicemia),Diagnosis,N/A,,
dbeac028-4e14-11e4-8a57-0800271c1b75,TRUE,"Chickenpox, NOS",Diagnosis,N/A,,
dbf42f7b-4e14-11e4-8a57-0800271c1b75,TRUE,Condyloma acuminata,Diagnosis,N/A,,
dbfd840c-4e14-11e4-8a57-0800271c1b75,TRUE,"Dermatomycosis, unspec.",Diagnosis,N/A,,
dc0e12e5-4e14-11e4-8a57-0800271c1b75,TRUE,"Exanthems, viral, unspec.",Diagnosis,N/A,,
dc137a97-4e14-11e4-8a57-0800271c1b75,TRUE,Giardiasis,Diagnosis,N/A,,
dc1542ec-4e14-11e4-8a57-0800271c1b75,TRUE,"Gonorrhea, acute, lower GU tract",Diagnosis,N/A,,
dc17c8da-4e14-11e4-8a57-0800271c1b75,TRUE,"Hepatitis, viral, NOS",Diagnosis,N/A,,
dc1a0af8-4e14-11e4-8a57-0800271c1b75,TRUE,"Herpes zoster, NOS",Diagnosis,N/A,,
dc1ca506-4e14-11e4-8a57-0800271c1b75,TRUE,"Herpetic disease, uncomplicated",Diagnosis,N/A,,
dc20b80b-4e14-11e4-8a57-0800271c1b75,TRUE,HIV disease,Diagnosis,N/A,,
dc22f39a-4e14-11e4-8a57-0800271c1b75,TRUE,"HIV positive, asymptomatic",Diagnosis,N/A,,
dc259dd6-4e14-11e4-8a57-0800271c1b75,TRUE,Infectious mononucleosis,Diagnosis,N/A,,
dc28e4c4-4e14-11e4-8a57-0800271c1b75,TRUE,"Intestinal protozoa, NOS",Diagnosis,N/A,,
dc5be9ad-4e14-11e4-8a57-0800271c1b75,TRUE,Lyme disease,Diagnosis,N/A,,
dc5e310f-4e14-11e4-8a57-0800271c1b75,TRUE,"Moniliasis, skin/nails",Diagnosis,N/A,,
dc5ff97f-4e14-11e4-8a57-0800271c1b75,TRUE,"Moniliasis, vulva/vagina",Diagnosis,N/A,,
dc61faf6-4e14-11e4-8a57-0800271c1b75,TRUE,"Pediculosis, head",Diagnosis,N/A,,
dc65ef6f-4e14-11e4-8a57-0800271c1b75,TRUE,"Pediculosis, unspec.",Diagnosis,N/A,,
dc685b50-4e14-11e4-8a57-0800271c1b75,TRUE,Pinworms,Diagnosis,N/A,,
dc6bf34b-4e14-11e4-8a57-0800271c1b75,TRUE,Salmonella gastroenteritis,Diagnosis,N/A,,
dc6f43e9-4e14-11e4-8a57-0800271c1b75,TRUE,Scabies,Diagnosis,N/A,,
dc7110f7-4e14-11e4-8a57-0800271c1b75,TRUE,Sepsis,Diagnosis,N/A,,
dc7dbde7-4e14-11e4-8a57-0800271c1b75,TRUE,"Septicemia, NOS",Diagnosis,N/A,,
dc7f828e-4e14-11e4-8a57-0800271c1b75,TRUE,Staphylococcal food poisoning,Diagnosis,N/A,,
dc81d89f-4e14-11e4-8a57-0800271c1b75,TRUE,"Syphilis, unspec.",Diagnosis,N/A,,
dc850607-4e14-11e4-8a57-0800271c1b75,TRUE,"Trichomoniasis, unspec.",Diagnosis,N/A,,
dc86f3c2-4e14-11e4-8a57-0800271c1b75,TRUE,"Tuberculosis, pulmonary, NOS",Diagnosis,N/A,,
dc8b2f7a-4e14-11e4-8a57-0800271c1b75,TRUE,"Venereal disease, unspec.",Diagnosis,N/A,,
dcc72ff2-4e14-11e4-8a57-0800271c1b75,TRUE,"Viral infection, unspec.",Diagnosis,N/A,,
dccca693-4e14-11e4-8a57-0800271c1b75,TRUE,"Warts, condyloma",Diagnosis,N/A,,
dcd04e6a-4e14-11e4-8a57-0800271c1b75,TRUE,"Warts, viral, unspec.",Diagnosis,N/A,,
dcd3d54c-4e14-11e4-8a57-0800271c1b75,TRUE,"Skin, uncertain behavior",Diagnosis,N/A,,
dd1347e2-4e14-11e4-8a57-0800271c1b75,TRUE,"Benign lesion, unspec.",Diagnosis,N/A,,
dd17806e-4e14-11e4-8a57-0800271c1b75,TRUE,"Lipoma, any site",Diagnosis,N/A,,
dd1ddc9f-4e14-11e4-8a57-0800271c1b75,TRUE,"Neoplasm, unspec.",Diagnosis,N/A,,
dd21b6d6-4e14-11e4-8a57-0800271c1b75,TRUE,"Skin, soft tissue neoplasm, unspec.",Diagnosis,N/A,,
dd2848f9-4e14-11e4-8a57-0800271c1b75,TRUE,"Skin, unspec.",Diagnosis,N/A,,
dd2ba2ef-4e14-11e4-8a57-0800271c1b75,TRUE,"Bladder, unspec.",Diagnosis,N/A,,
dd2e01ef-4e14-11e4-8a57-0800271c1b75,TRUE,"Breast, female, unspec.",Diagnosis,N/A,,
dd34648e-4e14-11e4-8a57-0800271c1b75,TRUE,Cervix uteri (CIS),Diagnosis,N/A,,
dd3913a5-4e14-11e4-8a57-0800271c1b75,TRUE,"Female genital, unspec., CIS excluded",Diagnosis,N/A,,
dd70b807-4e14-11e4-8a57-0800271c1b75,TRUE,"Gastrointestinal tract, unspec.",Diagnosis,N/A,,
ddafc553-4e14-11e4-8a57-0800271c1b75,TRUE,"Leukemia, unspec., w/o remission",Diagnosis,N/A,,
ddb36316-4e14-11e4-8a57-0800271c1b75,TRUE,"Lung, unspec.",Diagnosis,N/A,,
ddb8891e-4e14-11e4-8a57-0800271c1b75,TRUE,"Male genital, unspec.",Diagnosis,N/A,,
ddbc1654-4e14-11e4-8a57-0800271c1b75,TRUE,"Malignant lesion, unspec.",Diagnosis,N/A,,
ddbe0d46-4e14-11e4-8a57-0800271c1b75,TRUE,Prostate,Diagnosis,N/A,,
ddc1b795-4e14-11e4-8a57-0800271c1b75,TRUE,"Respiratory tract, NOS",Diagnosis,N/A,,
ddc54fb3-4e14-11e4-8a57-0800271c1b75,TRUE,"Urinary, unspec.",Diagnosis,N/A,,
ddfcf23a-4e14-11e4-8a57-0800271c1b75,TRUE,B12 deficiency w/o anemia,Diagnosis,N/A,,
de005e55-4e14-11e4-8a57-0800271c1b75,TRUE,Dehydration,Diagnosis,N/A,,
de047844-4e14-11e4-8a57-0800271c1b75,TRUE,"Diabetes I, uncomplicated",Diagnosis,N/A,,
de07c5d2-4e14-11e4-8a57-0800271c1b75,TRUE,"Diabetes I, w/ unspec. complications",Diagnosis,N/A,,
de0be4e3-4e14-11e4-8a57-0800271c1b75,TRUE,"Diabetes II, uncomplicated",Diagnosis,N/A,,
de0dfacb-4e14-11e4-8a57-0800271c1b75,TRUE,"Diabetes II, w/ unspec. complications",Diagnosis,N/A,,
de13c3b7-4e14-11e4-8a57-0800271c1b75,TRUE,Dysmetabolic syndrome,Diagnosis,N/A,,
de16b3ad-4e14-11e4-8a57-0800271c1b75,TRUE,Glucose intolerance,Diagnosis,N/A,,
de18f523-4e14-11e4-8a57-0800271c1b75,TRUE,"Gout, unspec.",Diagnosis,N/A,,
de1bf62b-4e14-11e4-8a57-0800271c1b75,TRUE,Hypercalcemia,Diagnosis,N/A,,
de1ee757-4e14-11e4-8a57-0800271c1b75,TRUE,"Hypercholesterolemia, pure",Diagnosis,N/A,,
de562fbf-4e14-11e4-8a57-0800271c1b75,TRUE,Hyperkalemia,Diagnosis,N/A,,
de597f36-4e14-11e4-8a57-0800271c1b75,TRUE,"Hyperlipidemia, mixed",Diagnosis,N/A,,
de5b7922-4e14-11e4-8a57-0800271c1b75,TRUE,Hypernatremia,Diagnosis,N/A,,
de5eef32-4e14-11e4-8a57-0800271c1b75,TRUE,"Hyperparathyroidism, unspec.",Diagnosis,N/A,,
de617543-4e14-11e4-8a57-0800271c1b75,TRUE,"Hyperthyroidism, NOS",Diagnosis,N/A,,
de6540ab-4e14-11e4-8a57-0800271c1b75,TRUE,Hypocalcemia,Diagnosis,N/A,,
de681f1b-4e14-11e4-8a57-0800271c1b75,TRUE,"Hypoglycemia, nondiabetic, unspec.",Diagnosis,N/A,,
de6a571a-4e14-11e4-8a57-0800271c1b75,TRUE,Hypokalemia,Diagnosis,N/A,,
de6d703e-4e14-11e4-8a57-0800271c1b75,TRUE,Hyponatremia,Diagnosis,N/A,,
dea2d297-4e14-11e4-8a57-0800271c1b75,TRUE,"Hypothyroidism, unspec.",Diagnosis,N/A,,
deb0b5a0-4e14-11e4-8a57-0800271c1b75,TRUE,"Nutritional deficiencies, unspec.",Diagnosis,N/A,,
deb301a2-4e14-11e4-8a57-0800271c1b75,TRUE,"Obesity, NOS",Diagnosis,N/A,,
deef5de0-4e14-11e4-8a57-0800271c1b75,TRUE,Overweight,Diagnosis,N/A,,
def2ebfe-4e14-11e4-8a57-0800271c1b75,TRUE,Thyroid nodule,Diagnosis,N/A,,
def763ab-4e14-11e4-8a57-0800271c1b75,TRUE,"Anemia, acute blood loss",Diagnosis,N/A,,
df6b49e5-4e14-11e4-8a57-0800271c1b75,TRUE,"Anemia, chronic disease, other",Diagnosis,N/A,,
df9a2663-4e14-11e4-8a57-0800271c1b75,TRUE,"Anemia, chronic kidney disease",Diagnosis,N/A,,
df9da70c-4e14-11e4-8a57-0800271c1b75,TRUE,"Anemia, chronic neoplastic disease",Diagnosis,N/A,,
e0146da8-4e14-11e4-8a57-0800271c1b75,TRUE,"Anemia, iron deficiency, unspec.",Diagnosis,N/A,,
e052a2ce-4e14-11e4-8a57-0800271c1b75,TRUE,"Anemia, other, unspec.",Diagnosis,N/A,,
e0581701-4e14-11e4-8a57-0800271c1b75,TRUE,"Anemia, pernicious",Diagnosis,N/A,,
e05cc030-4e14-11e4-8a57-0800271c1b75,TRUE,"Blood disease, unspec.",Diagnosis,N/A,,
e05f04e8-4e14-11e4-8a57-0800271c1b75,TRUE,"Hemorrhagic conditions, unspec.",Diagnosis,N/A,,
e0631556-4e14-11e4-8a57-0800271c1b75,TRUE,"Leukocytopenia, unspec.",Diagnosis,N/A,,
e09e8e4e-4e14-11e4-8a57-0800271c1b75,TRUE,"Lymphadenitis, chronic",Diagnosis,N/A,,
e0a127ea-4e14-11e4-8a57-0800271c1b75,TRUE,Polycythemia vera,Diagnosis,N/A,,
e0a41580-4e14-11e4-8a57-0800271c1b75,TRUE,"Sickle-cell disease, unspec.",Diagnosis,N/A,,
e0cc38dc-4e14-11e4-8a57-0800271c1b75,TRUE,Sickle-cell trait,Diagnosis,N/A,,
e0d092f7-4e14-11e4-8a57-0800271c1b75,TRUE,"Adjustment reaction, unspec.",Diagnosis,N/A,,
e0d42dc3-4e14-11e4-8a57-0800271c1b75,TRUE,"Alcohol abuse, unspec.",Diagnosis,N/A,,
e0d7f059-4e14-11e4-8a57-0800271c1b75,TRUE,"Alcoholism, unspec.",Diagnosis,N/A,,
e0d9b5bb-4e14-11e4-8a57-0800271c1b75,TRUE,Alzheimer's,Diagnosis,N/A,,
e0dcab74-4e14-11e4-8a57-0800271c1b75,TRUE,Anorexia nervosa,Diagnosis,N/A,,
e0de87b3-4e14-11e4-8a57-0800271c1b75,TRUE,"Anxiety state, unspec.",Diagnosis,N/A,,
e11b2290-4e14-11e4-8a57-0800271c1b75,TRUE,"Attention deficit, w/o hyperactivity",Diagnosis,N/A,,
e11fecb5-4e14-11e4-8a57-0800271c1b75,TRUE,Bulimia nervosa,Diagnosis,N/A,,
e122da65-4e14-11e4-8a57-0800271c1b75,TRUE,"Conduct disorder, unspec.",Diagnosis,N/A,,
e124c623-4e14-11e4-8a57-0800271c1b75,TRUE,"Delirium, acute",Diagnosis,N/A,,
e1282687-4e14-11e4-8a57-0800271c1b75,TRUE,"Dementia, senile, uncomplicated",Diagnosis,N/A,,
e12ceb8e-4e14-11e4-8a57-0800271c1b75,TRUE,"Dementia, vascular, uncomplicated",Diagnosis,N/A,,
e12f2709-4e14-11e4-8a57-0800271c1b75,TRUE,"Depressive disorder, NOS",Diagnosis,N/A,,
e13466bb-4e14-11e4-8a57-0800271c1b75,TRUE,"Drug abuse, unspec.",Diagnosis,N/A,,
e1378d96-4e14-11e4-8a57-0800271c1b75,TRUE,"Insomnia, sleep disorder, unspec.",Diagnosis,N/A,,
e13bbf99-4e14-11e4-8a57-0800271c1b75,TRUE,"Mental retardation, unspec.",Diagnosis,N/A,,
e13f6f9e-4e14-11e4-8a57-0800271c1b75,TRUE,"Panic disorder, no agoraphobia",Diagnosis,N/A,,
e1436b09-4e14-11e4-8a57-0800271c1b75,TRUE,"Personality disorder, unspec.",Diagnosis,N/A,,
e145a566-4e14-11e4-8a57-0800271c1b75,TRUE,"Psychosexual dysfunction., unspec.",Diagnosis,N/A,,
e14a6aa9-4e14-11e4-8a57-0800271c1b75,TRUE,"Psychosis, unspec.",Diagnosis,N/A,,
e186e253-4e14-11e4-8a57-0800271c1b75,TRUE,"Schizophrenia, unspec.",Diagnosis,N/A,,
e18d4e47-4e14-11e4-8a57-0800271c1b75,TRUE,"Stress, acute situational disturbance",Diagnosis,N/A,,
e1c2ecee-4e14-11e4-8a57-0800271c1b75,TRUE,Tobacco abuse,Diagnosis,N/A,,
e1ff4375-4e14-11e4-8a57-0800271c1b75,TRUE,"Conjunctivitis, viral, NOS",Diagnosis,N/A,,
e201d65e-4e14-11e4-8a57-0800271c1b75,TRUE,"Headache, tension",Diagnosis,N/A,,
e2062770-4e14-11e4-8a57-0800271c1b75,TRUE,"Hearing loss, unspec.",Diagnosis,N/A,,
e2096bee-4e14-11e4-8a57-0800271c1b75,TRUE,"Hemorrhage, intracranial, NOS",Diagnosis,N/A,,
e20baa38-4e14-11e4-8a57-0800271c1b75,TRUE,Stye (hordeolum),Diagnosis,N/A,,
e210cad6-4e14-11e4-8a57-0800271c1b75,TRUE,Cerumen impaction,Diagnosis,N/A,,
e213df6e-4e14-11e4-8a57-0800271c1b75,TRUE,"Ear disorder, unspec.",Diagnosis,N/A,,
e21fe529-4e14-11e4-8a57-0800271c1b75,TRUE,"Eustachian salpingitis, unspec.",Diagnosis,N/A,,
e25be742-4e14-11e4-8a57-0800271c1b75,TRUE,"Otitis media, acute",Diagnosis,N/A,,
e25ef871-4e14-11e4-8a57-0800271c1b75,TRUE,"Otitis media, acute w/ rupture of TM",Diagnosis,N/A,,
e2650939-4e14-11e4-8a57-0800271c1b75,TRUE,"Otitis media, chronic serous",Diagnosis,N/A,,
e269b436-4e14-11e4-8a57-0800271c1b75,TRUE,"Vertigo, central",Diagnosis,N/A,,
e26c9989-4e14-11e4-8a57-0800271c1b75,TRUE,"Vertigo, peripheral, unspec.",Diagnosis,N/A,,
e2a8a3ba-4e14-11e4-8a57-0800271c1b75,TRUE,"Blepharitis, unspec.",Diagnosis,N/A,,
e2abe77b-4e14-11e4-8a57-0800271c1b75,TRUE,"Cataract, unspec.",Diagnosis,N/A,,
e2adb329-4e14-11e4-8a57-0800271c1b75,TRUE,Chalazion,Diagnosis,N/A,,
e2b14b2b-4e14-11e4-8a57-0800271c1b75,TRUE,"Conjunctivitis, unspec.",Diagnosis,N/A,,
e2e6d3fc-4e14-11e4-8a57-0800271c1b75,TRUE,Corneal abrasion,Diagnosis,N/A,,
e2e9ae81-4e14-11e4-8a57-0800271c1b75,TRUE,"Corneal ulcer, unspec.",Diagnosis,N/A,,
e2ed17a5-4e14-11e4-8a57-0800271c1b75,TRUE,"Eye disorder, unspec.",Diagnosis,N/A,,
e2f27b27-4e14-11e4-8a57-0800271c1b75,TRUE,"Eye movement disorder, unspec.",Diagnosis,N/A,,
e2f5aa22-4e14-11e4-8a57-0800271c1b75,TRUE,"Glaucoma, unspec.",Diagnosis,N/A,,
e2f8bf59-4e14-11e4-8a57-0800271c1b75,TRUE,"Refractive errors, unspec.",Diagnosis,N/A,,
e2fb736b-4e14-11e4-8a57-0800271c1b75,TRUE,"Retinal disorder, unspec.",Diagnosis,N/A,,
e30022cd-4e14-11e4-8a57-0800271c1b75,TRUE,"Visual disturbance, unspec.",Diagnosis,N/A,,
e3037d72-4e14-11e4-8a57-0800271c1b75,TRUE,"Visual loss, unspec.",Diagnosis,N/A,,
e3088891-4e14-11e4-8a57-0800271c1b75,TRUE,Bell's palsy,Diagnosis,N/A,,
e30c68f6-4e14-11e4-8a57-0800271c1b75,TRUE,Carpal tunnel,Diagnosis,N/A,,
e32b82c8-4e14-11e4-8a57-0800271c1b75,TRUE,"Cerebral artery occlusion with infarction, unspec.",Diagnosis,N/A,,
e3317bb6-4e14-11e4-8a57-0800271c1b75,TRUE,"Cognitive impairment, mild",Diagnosis,N/A,,
e3338f3f-4e14-11e4-8a57-0800271c1b75,TRUE,"CVA, late effect, unspec.",Diagnosis,N/A,,
e337000e-4e14-11e4-8a57-0800271c1b75,TRUE,"Meningitis, unspec.",Diagnosis,N/A,,
e33ab2c7-4e14-11e4-8a57-0800271c1b75,TRUE,"Migraine, unspec., not intractable",Diagnosis,N/A,,
e33fc3d2-4e14-11e4-8a57-0800271c1b75,TRUE,"Movement disorder, unspec.",Diagnosis,N/A,,
e3427198-4e14-11e4-8a57-0800271c1b75,TRUE,Multiple sclerosis,Diagnosis,N/A,,
e3464ba0-4e14-11e4-8a57-0800271c1b75,TRUE,"Myopathy, unspec.",Diagnosis,N/A,,
e348335e-4e14-11e4-8a57-0800271c1b75,TRUE,"Nervous system, NOS",Diagnosis,N/A,,
e34c05cb-4e14-11e4-8a57-0800271c1b75,TRUE,"Neuropathy, unspec.",Diagnosis,N/A,,
e34fe9b9-4e14-11e4-8a57-0800271c1b75,TRUE,"Parkinsonism, primary",Diagnosis,N/A,,
e353f85f-4e14-11e4-8a57-0800271c1b75,TRUE,Restless legs syndrome,Diagnosis,N/A,,
e38f54d9-4e14-11e4-8a57-0800271c1b75,TRUE,"Sleep apnea, obstructive",Diagnosis,N/A,,
e39326be-4e14-11e4-8a57-0800271c1b75,TRUE,Trigeminal neuralgia,Diagnosis,N/A,,
e3994327-4e14-11e4-8a57-0800271c1b75,TRUE,"Angina, unstable",Diagnosis,N/A,,
e39cb19a-4e14-11e4-8a57-0800271c1b75,TRUE,"Aortic aneurysm, unspec.",Diagnosis,N/A,,
e3dc04be-4e14-11e4-8a57-0800271c1b75,TRUE,"Arterial disorder, other, unspec.",Diagnosis,N/A,,
e3e08144-4e14-11e4-8a57-0800271c1b75,TRUE,Atrial fibrillation,Diagnosis,N/A,,
e3e3e7eb-4e14-11e4-8a57-0800271c1b75,TRUE,Cardiac arrest,Diagnosis,N/A,,
e3e60acc-4e14-11e4-8a57-0800271c1b75,TRUE,"Chronic ischemic heart disease, unspec.",Diagnosis,N/A,,
e3ea0318-4e14-11e4-8a57-0800271c1b75,TRUE,"Circulatory disorder, unspec.",Diagnosis,N/A,,
e3ed4ffd-4e14-11e4-8a57-0800271c1b75,TRUE,"Conduction disorder, unspec.",Diagnosis,N/A,,
e3f044de-4e14-11e4-8a57-0800271c1b75,TRUE,Elevated BP w/o hypertension,Diagnosis,N/A,,
e4291295-4e14-11e4-8a57-0800271c1b75,TRUE,"Heart disease, other, unspec.",Diagnosis,N/A,,
e45db463-4e14-11e4-8a57-0800271c1b75,TRUE,"Heart failure, combined, unspec.",Diagnosis,N/A,,
e4614f25-4e14-11e4-8a57-0800271c1b75,TRUE,"Heart failure, congestive, unspec.",Diagnosis,N/A,,
e465d8ef-4e14-11e4-8a57-0800271c1b75,TRUE,"Heart failure, diastolic, unspec.",Diagnosis,N/A,,
e46941b4-4e14-11e4-8a57-0800271c1b75,TRUE,"Heart failure, systolic, unspec.",Diagnosis,N/A,,
e46bc0bf-4e14-11e4-8a57-0800271c1b75,TRUE,"Hypertension, benign",Diagnosis,N/A,,
e46e6f21-4e14-11e4-8a57-0800271c1b75,TRUE,"Hypertension, malignant",Diagnosis,N/A,,
e4a391e6-4e14-11e4-8a57-0800271c1b75,TRUE,"Hypertension, unspec.",Diagnosis,N/A,,
e4e48d1c-4e14-11e4-8a57-0800271c1b75,TRUE,"Hypertensive heart disease, unspec., w/ heart failure",Diagnosis,N/A,,
e4e8ab00-4e14-11e4-8a57-0800271c1b75,TRUE,"Hypertensive renal disease w/o renal failure, unspec.",Diagnosis,N/A,,
e4ec4d56-4e14-11e4-8a57-0800271c1b75,TRUE,"Hypotension, orthostatic",Diagnosis,N/A,,
e4ef6397-4e14-11e4-8a57-0800271c1b75,TRUE,Long QT syndrome,Diagnosis,N/A,,
e4f3e737-4e14-11e4-8a57-0800271c1b75,TRUE,"Myocardial infarction, NOS (to 8 weeks)",Diagnosis,N/A,,
e501e6f4-4e14-11e4-8a57-0800271c1b75,TRUE,"Myocardial infarction, NSTEMI (to 8 weeks)",Diagnosis,N/A,,
e5063009-4e14-11e4-8a57-0800271c1b75,TRUE,"Myocardial infarction, old",Diagnosis,N/A,,
e50a12a2-4e14-11e4-8a57-0800271c1b75,TRUE,"Pericarditis, acute, nonspecific",Diagnosis,N/A,,
e50d9a12-4e14-11e4-8a57-0800271c1b75,TRUE,"Peripheral vascular disease, unspec.",Diagnosis,N/A,,
e54cd3b8-4e14-11e4-8a57-0800271c1b75,TRUE,"Phlebitis, deep, lower extrem., other",Diagnosis,N/A,,
e5508fb6-4e14-11e4-8a57-0800271c1b75,TRUE,"Premature beats, unspec.",Diagnosis,N/A,,
e555f79d-4e14-11e4-8a57-0800271c1b75,TRUE,"Pulmonary edema, acute",Diagnosis,N/A,,
e589b3cb-4e14-11e4-8a57-0800271c1b75,TRUE,"Pulmonary embolism, not iatrogenic",Diagnosis,N/A,,
e5c73457-4e14-11e4-8a57-0800271c1b75,TRUE,"Rheumatic heart disease, unspec.",Diagnosis,N/A,,
e5cb594d-4e14-11e4-8a57-0800271c1b75,TRUE,"Tachycardia, paroxysmal SVT",Diagnosis,N/A,,
e5cedac0-4e14-11e4-8a57-0800271c1b75,TRUE,"Thrombophlebitis, unspec.",Diagnosis,N/A,,
e5d0b57d-4e14-11e4-8a57-0800271c1b75,TRUE,"Venous insufficiency, unspec.",Diagnosis,N/A,,
e5d6453f-4e14-11e4-8a57-0800271c1b75,TRUE,"Asthma, extrinsic, acute exacerbation",Diagnosis,N/A,,
e5da4a8f-4e14-11e4-8a57-0800271c1b75,TRUE,"Asthma, intrinsic, acute exacerbation",Diagnosis,N/A,,
e5ddb58e-4e14-11e4-8a57-0800271c1b75,TRUE,"Bronchiolitis, acute, due to RSV",Diagnosis,N/A,,
e653b663-4e14-11e4-8a57-0800271c1b75,TRUE,"Bronchitis, acute",Diagnosis,N/A,,
e68f4b7d-4e14-11e4-8a57-0800271c1b75,TRUE,"Bronchitis, chronic, unspec.",Diagnosis,N/A,,
e692f4bb-4e14-11e4-8a57-0800271c1b75,TRUE,"Bronchospasm, acute",Diagnosis,N/A,,
e694b33e-4e14-11e4-8a57-0800271c1b75,TRUE,"Bronchospasm, exercise induced",Diagnosis,N/A,,
e698c78f-4e14-11e4-8a57-0800271c1b75,TRUE,"COPD, NOS",Diagnosis,N/A,,
e69ba86c-4e14-11e4-8a57-0800271c1b75,TRUE,Croup,Diagnosis,N/A,,
e69d7e15-4e14-11e4-8a57-0800271c1b75,TRUE,Emphysema,Diagnosis,N/A,,
e6a0c404-4e14-11e4-8a57-0800271c1b75,TRUE,"Laryngitis, acute, no obstruction",Diagnosis,N/A,,
e6ac33c9-4e14-11e4-8a57-0800271c1b75,TRUE,Peritonsillar abscess,Diagnosis,N/A,,
e6ae1990-4e14-11e4-8a57-0800271c1b75,TRUE,"Pharyngitis, acute",Diagnosis,N/A,,
e6b213e9-4e14-11e4-8a57-0800271c1b75,TRUE,"Pleural effusion, NOS",Diagnosis,N/A,,
e6b508fd-4e14-11e4-8a57-0800271c1b75,TRUE,"Pneumonia, unspec.",Diagnosis,N/A,,
e6c10d5e-4e14-11e4-8a57-0800271c1b75,TRUE,"Respiratory disease, other, NOS",Diagnosis,N/A,,
e6c4ef67-4e14-11e4-8a57-0800271c1b75,TRUE,"Rhinitis, chronic",Diagnosis,N/A,,
e6fa50f5-4e14-11e4-8a57-0800271c1b75,TRUE,"Sinusitis, acute, frontal",Diagnosis,N/A,,
e6fc80f3-4e14-11e4-8a57-0800271c1b75,TRUE,"Sinusitis, acute, maxillary",Diagnosis,N/A,,
e6ffb068-4e14-11e4-8a57-0800271c1b75,TRUE,"Sinusitis, acute, NOS",Diagnosis,N/A,,
e7059bf8-4e14-11e4-8a57-0800271c1b75,TRUE,"Sinusitis, chronic, frontal",Diagnosis,N/A,,
e7096085-4e14-11e4-8a57-0800271c1b75,TRUE,"Sinusitis, chronic, maxillary",Diagnosis,N/A,,
e70c818c-4e14-11e4-8a57-0800271c1b75,TRUE,"Sinusitis, chronic, NOS",Diagnosis,N/A,,
e71029d3-4e14-11e4-8a57-0800271c1b75,TRUE,"Tonsil/adenoid disease, chronic, unspec.",Diagnosis,N/A,,
e715214a-4e14-11e4-8a57-0800271c1b75,TRUE,"Tonsillitis, acute",Diagnosis,N/A,,
e71744cc-4e14-11e4-8a57-0800271c1b75,TRUE,"Upper respiratory infection, acute, NOS",Diagnosis,N/A,,
e71e5556-4e14-11e4-8a57-0800271c1b75,TRUE,"Anal fissure, nontraumatic",Diagnosis,N/A,,
e724fe52-4e14-11e4-8a57-0800271c1b75,TRUE,"Cholecystitis, acute",Diagnosis,N/A,,
e7282f0d-4e14-11e4-8a57-0800271c1b75,TRUE,"Cholelithiasis, NOS",Diagnosis,N/A,,
e767f2af-4e14-11e4-8a57-0800271c1b75,TRUE,"Constipation, unspec.",Diagnosis,N/A,,
e76a0266-4e14-11e4-8a57-0800271c1b75,TRUE,"Crohn's disease, NOS",Diagnosis,N/A,,
e76d6d6a-4e14-11e4-8a57-0800271c1b75,TRUE,Dental abscess,Diagnosis,N/A,,
e770d9f4-4e14-11e4-8a57-0800271c1b75,TRUE,"Dental caries, unspec.",Diagnosis,N/A,,
e77450cb-4e14-11e4-8a57-0800271c1b75,TRUE,"Dental, unspec.",Diagnosis,N/A,,
e777b49e-4e14-11e4-8a57-0800271c1b75,TRUE,"Diverticulitis of colon, NOS",Diagnosis,N/A,,
e77a213c-4e14-11e4-8a57-0800271c1b75,TRUE,Diverticulosis of colon,Diagnosis,N/A,,
e7823b51-4e14-11e4-8a57-0800271c1b75,TRUE,"Esophageal disease, unspec.",Diagnosis,N/A,,
e78419b8-4e14-11e4-8a57-0800271c1b75,TRUE,"Esophagitis, unspec.",Diagnosis,N/A,,
e787e121-4e14-11e4-8a57-0800271c1b75,TRUE,"Functional disorder intestine, unspec.",Diagnosis,N/A,,
e78b1cc5-4e14-11e4-8a57-0800271c1b75,TRUE,"Gallbladder disease, unspec.",Diagnosis,N/A,,
e78d37f0-4e14-11e4-8a57-0800271c1b75,TRUE,"Gastroenteritis, infectious",Diagnosis,N/A,,
e790c430-4e14-11e4-8a57-0800271c1b75,TRUE,"Gastroesophageal reflux, no esophagitis",Diagnosis,N/A,,
e7d12a11-4e14-11e4-8a57-0800271c1b75,TRUE,"Hemorrhoids, NOS",Diagnosis,N/A,,
e7f15093-4e14-11e4-8a57-0800271c1b75,TRUE,"Hernia, hiatal, noncongenital",Diagnosis,N/A,,
e7f4b8cc-4e14-11e4-8a57-0800271c1b75,TRUE,"Hernia, inguinal, NOS",Diagnosis,N/A,,
e7f8506e-4e14-11e4-8a57-0800271c1b75,TRUE,"Hernia, other, NOS",Diagnosis,N/A,,
e82e4ea1-4e14-11e4-8a57-0800271c1b75,TRUE,"Intestinal obstruction, unspec.",Diagnosis,N/A,,
e86b663e-4e14-11e4-8a57-0800271c1b75,TRUE,Irritable bowel syndrome,Diagnosis,N/A,,
e86f642f-4e14-11e4-8a57-0800271c1b75,TRUE,"Oral, tongue diseases, unspec.",Diagnosis,N/A,,
e872c822-4e14-11e4-8a57-0800271c1b75,TRUE,"Pancreatitis, acute",Diagnosis,N/A,,
e8749ff4-4e14-11e4-8a57-0800271c1b75,TRUE,"Peptic ulcer disease, unspec., w/o obstruction",Diagnosis,N/A,,
e8789705-4e14-11e4-8a57-0800271c1b75,TRUE,"Ulcerative colitis, unspec.",Diagnosis,N/A,,
e87d161a-4e14-11e4-8a57-0800271c1b75,TRUE,"Breast disease, unspec.",Diagnosis,N/A,,
e880bff6-4e14-11e4-8a57-0800271c1b75,TRUE,Breast lump,Diagnosis,N/A,,
e8826641-4e14-11e4-8a57-0800271c1b75,TRUE,Fibroadenosis,Diagnosis,N/A,,
e886a16d-4e14-11e4-8a57-0800271c1b75,TRUE,Fibrocystic disease,Diagnosis,N/A,,
e88a4be7-4e14-11e4-8a57-0800271c1b75,TRUE,Galactorrhea,Diagnosis,N/A,,
e88bdcb0-4e14-11e4-8a57-0800271c1b75,TRUE,"Mastitis, lactating, unspec.",Diagnosis,N/A,,
e88fcfb4-4e14-11e4-8a57-0800271c1b75,TRUE,"Mastitis, NOS",Diagnosis,N/A,,
e8c7c985-4e14-11e4-8a57-0800271c1b75,TRUE,Amenorrhea,Diagnosis,N/A,,
e8ca9fae-4e14-11e4-8a57-0800271c1b75,TRUE,"Hormone replacement therapy, postmenopausal",Diagnosis,N/A,,
e8ce4a66-4e14-11e4-8a57-0800271c1b75,TRUE,"Menopausal disorders, unspec.",Diagnosis,N/A,,
e8d06c2e-4e14-11e4-8a57-0800271c1b75,TRUE,"Menstruation, excessive/frequent",Diagnosis,N/A,,
e905096c-4e14-11e4-8a57-0800271c1b75,TRUE,"Menstruation, painful",Diagnosis,N/A,,
e907dcb4-4e14-11e4-8a57-0800271c1b75,TRUE,Metrorrhagia,Diagnosis,N/A,,
e9099b0b-4e14-11e4-8a57-0800271c1b75,TRUE,Premenstrual tension syndrome,Diagnosis,N/A,,
e90d34b1-4e14-11e4-8a57-0800271c1b75,TRUE,Bartholin cyst,Diagnosis,N/A,,
e90fa5fe-4e14-11e4-8a57-0800271c1b75,TRUE,"Cervical polyp, NOS",Diagnosis,N/A,,
e915e048-4e14-11e4-8a57-0800271c1b75,TRUE,Cervicitis,Diagnosis,N/A,,
e923d1fe-4e14-11e4-8a57-0800271c1b75,TRUE,"Cyst of ovary, follicular",Diagnosis,N/A,,
e9265581-4e14-11e4-8a57-0800271c1b75,TRUE,"Cystocele/rectocele/prolapse, unspec.",Diagnosis,N/A,,
e92970af-4e14-11e4-8a57-0800271c1b75,TRUE,Dyspareunia,Diagnosis,N/A,,
e92c1e3a-4e14-11e4-8a57-0800271c1b75,TRUE,"Endometriosis, unspec.",Diagnosis,N/A,,
e92e0592-4e14-11e4-8a57-0800271c1b75,TRUE,"Female genital disease, unspec.",Diagnosis,N/A,,
e96376d4-4e14-11e4-8a57-0800271c1b75,TRUE,"Fibroid uterus (leiomyoma), unspec.",Diagnosis,N/A,,
e9688e22-4e14-11e4-8a57-0800271c1b75,TRUE,"Incontinence, stress, female",Diagnosis,N/A,,
e99ed8c3-4e14-11e4-8a57-0800271c1b75,TRUE,"Pelvic inflammatory disease, unspec.",Diagnosis,N/A,,
e9a26e59-4e14-11e4-8a57-0800271c1b75,TRUE,"Infertility, female, unspec.",Diagnosis,N/A,,
e9a51bb7-4e14-11e4-8a57-0800271c1b75,TRUE,"Infertility, male, unspec.",Diagnosis,N/A,,
e9a6eda5-4e14-11e4-8a57-0800271c1b75,TRUE,BPH/LUTS w/ obstruction,Diagnosis,N/A,,
e9aa2d70-4e14-11e4-8a57-0800271c1b75,TRUE,BPH/LUTS w/o obstruction,Diagnosis,N/A,,
e9ad8795-4e14-11e4-8a57-0800271c1b75,TRUE,"Hydrocele, unspec.",Diagnosis,N/A,,
e9afc64a-4e14-11e4-8a57-0800271c1b75,TRUE,"Impotence, organic",Diagnosis,N/A,,
e9b2fc60-4e14-11e4-8a57-0800271c1b75,TRUE,"Prostatitis, NOS",Diagnosis,N/A,,
e9b6897e-4e14-11e4-8a57-0800271c1b75,TRUE,"PSA, elevated",Diagnosis,N/A,,
e9ebbe41-4e14-11e4-8a57-0800271c1b75,TRUE,"Urethritis, nongonococcal, unspec.",Diagnosis,N/A,,
e9efad45-4e14-11e4-8a57-0800271c1b75,TRUE,Varicocele,Diagnosis,N/A,,
e9f15c17-4e14-11e4-8a57-0800271c1b75,TRUE,"Calculus, urinary, unspec.",Diagnosis,N/A,,
e9f4a066-4e14-11e4-8a57-0800271c1b75,TRUE,"Glomerulonephritis, acute, unspec.",Diagnosis,N/A,,
e9f84ad8-4e14-11e4-8a57-0800271c1b75,TRUE,"Glomerulonephritis, chronic, unspec.",Diagnosis,N/A,,
e9fb3648-4e14-11e4-8a57-0800271c1b75,TRUE,"Hematuria, unspec.",Diagnosis,N/A,,
e9fe3ff8-4e14-11e4-8a57-0800271c1b75,TRUE,"Pyelonephritis, acute, w/o necrosis",Diagnosis,N/A,,
ea0182a1-4e14-11e4-8a57-0800271c1b75,TRUE,"Renal failure, acute, unspec.",Diagnosis,N/A,,
ea05a1a6-4e14-11e4-8a57-0800271c1b75,TRUE,"Renal failure/insufficiency, chronic, unspec.",Diagnosis,N/A,,
ea08c98f-4e14-11e4-8a57-0800271c1b75,TRUE,"Renal insufficiency, acute",Diagnosis,N/A,,
ea0bfdc6-4e14-11e4-8a57-0800271c1b75,TRUE,"Urethral syndrome, non-VD, NOS",Diagnosis,N/A,,
ea0fe837-4e14-11e4-8a57-0800271c1b75,TRUE,"Urinary obstruction, unspec.",Diagnosis,N/A,,
ea1376ca-4e14-11e4-8a57-0800271c1b75,TRUE,"Urinary tract infection, unspec./pyuria",Diagnosis,N/A,,
ea185ac5-4e14-11e4-8a57-0800271c1b75,TRUE,"Abortion, induced, w/o complication",Diagnosis,N/A,,
ea1b0b93-4e14-11e4-8a57-0800271c1b75,TRUE,"Abortion, spontaneous, w/o complication",Diagnosis,N/A,,
ea1ef17e-4e14-11e4-8a57-0800271c1b75,TRUE,"Abruptio placentae, unspec.",Diagnosis,N/A,,
ea24115b-4e14-11e4-8a57-0800271c1b75,TRUE,"Bleeding in pregnancy, unspec.",Diagnosis,N/A,,
ea277e54-4e14-11e4-8a57-0800271c1b75,TRUE,"Complicated delivery/labor, unspec.",Diagnosis,N/A,,
ea2b518e-4e14-11e4-8a57-0800271c1b75,TRUE,"Decreased fetal movements, unspec.",Diagnosis,N/A,,
ea2ec61e-4e14-11e4-8a57-0800271c1b75,TRUE,"Ectopic pregnancy, no IUP, unspec.",Diagnosis,N/A,,
ea32f731-4e14-11e4-8a57-0800271c1b75,TRUE,"Endometritis, postpartum",Diagnosis,N/A,,
ea3601ff-4e14-11e4-8a57-0800271c1b75,TRUE,"Gestational hypertension, unspec.",Diagnosis,N/A,,
ea380283-4e14-11e4-8a57-0800271c1b75,TRUE,Normal delivery to retire,Diagnosis,N/A,,
ea3b6389-4e14-11e4-8a57-0800271c1b75,TRUE,"Other complication of puerperium/postpartum, unspec.",Diagnosis,N/A,,
ea526593-4e14-11e4-8a57-0800271c1b75,TRUE,"Placenta previa, w/ bleeding, unspec.",Diagnosis,N/A,,
ea57f1c4-4e14-11e4-8a57-0800271c1b75,TRUE,"Placenta previa, w/o bleeding, unspec.",Diagnosis,N/A,,
ea5ab6b9-4e14-11e4-8a57-0800271c1b75,TRUE,"Postpartum follow-up, routine",Diagnosis,N/A,,
ea5e359b-4e14-11e4-8a57-0800271c1b75,TRUE,"Post-term pregnancy, unspec.",Diagnosis,N/A,,
ea619ccd-4e14-11e4-8a57-0800271c1b75,TRUE,"Pregnancy, other complications, unspec.",Diagnosis,N/A,,
ea687347-4e14-11e4-8a57-0800271c1b75,TRUE,"Pregnant state, incidental",Diagnosis,N/A,,
ea6a58e5-4e14-11e4-8a57-0800271c1b75,TRUE,"Prenatal care, normal, first pregnancy",Diagnosis,N/A,,
ea6e3239-4e14-11e4-8a57-0800271c1b75,TRUE,"Threatened abortion, unspec.",Diagnosis,N/A,,
ea71773e-4e14-11e4-8a57-0800271c1b75,TRUE,"Twins, unspec.",Diagnosis,N/A,,
ea7342d1-4e14-11e4-8a57-0800271c1b75,TRUE,"Vomiting of pregnancy, unspec.",Diagnosis,N/A,,
ea78f1f3-4e14-11e4-8a57-0800271c1b75,TRUE,Actinic keratosis,Diagnosis,N/A,,
ea7b296e-4e14-11e4-8a57-0800271c1b75,TRUE,"Alopecia, unspec.",Diagnosis,N/A,,
ea7edc4b-4e14-11e4-8a57-0800271c1b75,TRUE,"Contact dermatitis, NOS",Diagnosis,N/A,,
ea80e26c-4e14-11e4-8a57-0800271c1b75,TRUE,Corn/callus,Diagnosis,N/A,,
ea849eea-4e14-11e4-8a57-0800271c1b75,TRUE,Diaper rash,Diagnosis,N/A,,
ea87beff-4e14-11e4-8a57-0800271c1b75,TRUE,"Hair disease, unspec.",Diagnosis,N/A,,
ea89cfff-4e14-11e4-8a57-0800271c1b75,TRUE,Ingrown nail,Diagnosis,N/A,,
ea8cef67-4e14-11e4-8a57-0800271c1b75,TRUE,"Lymphadenitis, acute",Diagnosis,N/A,,
ea8f11e8-4e14-11e4-8a57-0800271c1b75,TRUE,"Nail disease, unspec.",Diagnosis,N/A,,
ea922f5b-4e14-11e4-8a57-0800271c1b75,TRUE,Onychomycosis,Diagnosis,N/A,,
ea9566e3-4e14-11e4-8a57-0800271c1b75,TRUE,"Other skin disease, unspec.",Diagnosis,N/A,,
ea99434b-4e14-11e4-8a57-0800271c1b75,TRUE,Pityriasis rosea,Diagnosis,N/A,,
ea9bdfb1-4e14-11e4-8a57-0800271c1b75,TRUE,"Pruritus, NOS",Diagnosis,N/A,,
ea9f494d-4e14-11e4-8a57-0800271c1b75,TRUE,Sebaceous cyst,Diagnosis,N/A,,
eaa1137b-4e14-11e4-8a57-0800271c1b75,TRUE,"Seborrheic dermatitis, NOS",Diagnosis,N/A,,
eaa60ff2-4e14-11e4-8a57-0800271c1b75,TRUE,"Seborrheic keratosis, NOS",Diagnosis,N/A,,
eae09446-4e14-11e4-8a57-0800271c1b75,TRUE,"Ulcer, skin, chronic, unspec.",Diagnosis,N/A,,
eb1fdf45-4e14-11e4-8a57-0800271c1b75,TRUE,"Urticaria, unspec.",Diagnosis,N/A,,
eb24c13a-4e14-11e4-8a57-0800271c1b75,TRUE,"Acquired deformity, limb, unspec.",Diagnosis,N/A,,
eb27476c-4e14-11e4-8a57-0800271c1b75,TRUE,"Arthropathy, traumatic, unspec.",Diagnosis,N/A,,
eb5c2f1f-4e14-11e4-8a57-0800271c1b75,TRUE,"Arthropathy, unspec.",Diagnosis,N/A,,
eb603c8f-4e14-11e4-8a57-0800271c1b75,TRUE,"Cervical disorder, NOS",Diagnosis,N/A,,
ebc7ddfd-4e14-11e4-8a57-0800271c1b75,TRUE,"Connective tissue disease, unspec.",Diagnosis,N/A,,
ec05b76d-4e14-11e4-8a57-0800271c1b75,TRUE,"Derangement, knee, internal, unspec.",Diagnosis,N/A,,
ec0aa91e-4e14-11e4-8a57-0800271c1b75,TRUE,"Disc syndrome, no myelopathy, NOS",Diagnosis,N/A,,
ec110592-4e14-11e4-8a57-0800271c1b75,TRUE,"Ganglion, unspec.",Diagnosis,N/A,,
ec429b4f-4e14-11e4-8a57-0800271c1b75,TRUE,"Kyphosis/scoliosis, unspec.",Diagnosis,N/A,,
ec460c39-4e14-11e4-8a57-0800271c1b75,TRUE,"Muscle weakness, generalized",Diagnosis,N/A,,
ec4a05a4-4e14-11e4-8a57-0800271c1b75,TRUE,"Osteoarthritis of spine, NOS",Diagnosis,N/A,,
ec4c41ce-4e14-11e4-8a57-0800271c1b75,TRUE,"Osteomyelitis, chronic, unspec.",Diagnosis,N/A,,
ec503172-4e14-11e4-8a57-0800271c1b75,TRUE,"Osteoporosis, unspec.",Diagnosis,N/A,,
ec532105-4e14-11e4-8a57-0800271c1b75,TRUE,Pain in limb,Diagnosis,N/A,,
ec553a2a-4e14-11e4-8a57-0800271c1b75,TRUE,Polymyalgia rheumatica,Diagnosis,N/A,,
ec59961c-4e14-11e4-8a57-0800271c1b75,TRUE,Rheumatoid arthritis (not JRA),Diagnosis,N/A,,
ec5d84c3-4e14-11e4-8a57-0800271c1b75,TRUE,"Synovitis/tenosynovitis, unspec.",Diagnosis,N/A,,
ec9269d4-4e14-11e4-8a57-0800271c1b75,TRUE,"Congenital anomaly, other, unspec.",Diagnosis,N/A,,
ec9592ed-4e14-11e4-8a57-0800271c1b75,TRUE,"Limb anomaly, unspec.",Diagnosis,N/A,,
ec992d68-4e14-11e4-8a57-0800271c1b75,TRUE,Pyloric stenosis,Diagnosis,N/A,,
ec9c2884-4e14-11e4-8a57-0800271c1b75,TRUE,Undescended testis,Diagnosis,N/A,,
eca0dae8-4e14-11e4-8a57-0800271c1b75,TRUE,"Birth asphyxia, unspec.",Diagnosis,N/A,,
ecb5a1bf-4e14-11e4-8a57-0800271c1b75,TRUE,"Birth trauma, unspec.",Diagnosis,N/A,,
ecb910f2-4e14-11e4-8a57-0800271c1b75,TRUE,"Fetal distress, unspec.",Diagnosis,N/A,,
ecbc7d14-4e14-11e4-8a57-0800271c1b75,TRUE,"Hypoxemia, newborn, NOS",Diagnosis,N/A,,
ecfeac2e-4e14-11e4-8a57-0800271c1b75,TRUE,"Jaundice, newborn, unspec.",Diagnosis,N/A,,
ed03c7df-4e14-11e4-8a57-0800271c1b75,TRUE,Post-term infant,Diagnosis,N/A,,
ed070bd2-4e14-11e4-8a57-0800271c1b75,TRUE,Respiratory distress syndrome,Diagnosis,N/A,,
ed75ad9f-4e14-11e4-8a57-0800271c1b75,TRUE,"Respiratory problem, other, unspec.",Diagnosis,N/A,,
ed790a22-4e14-11e4-8a57-0800271c1b75,TRUE,"Sepsis, neonatal",Diagnosis,N/A,,
ed7cbb2e-4e14-11e4-8a57-0800271c1b75,TRUE,Skin/temperature problem,Diagnosis,N/A,,
ed7e6746-4e14-11e4-8a57-0800271c1b75,TRUE,Sudden infant death syndrome,Diagnosis,N/A,,
ed81d880-4e14-11e4-8a57-0800271c1b75,TRUE,"Well newborn, hospital birth, vaginal",Diagnosis,N/A,,
ed8949b2-4e14-11e4-8a57-0800271c1b75,TRUE,"Dislocation: other, closed, unspec.",Diagnosis,N/A,,
ed8cc304-4e14-11e4-8a57-0800271c1b75,TRUE,"Dislocation: shoulder, closed, unspec.",Diagnosis,N/A,,
edc35eb9-4e14-11e4-8a57-0800271c1b75,TRUE,"Sprain/strain: other site, unspec.",Diagnosis,N/A,,
edc8363e-4e14-11e4-8a57-0800271c1b75,TRUE,"Sprain/strain: vertebral, unspec.",Diagnosis,N/A,,
edcc1e0e-4e14-11e4-8a57-0800271c1b75,TRUE,"Fracture, stress: tibia or fibula",Diagnosis,N/A,,
edd0f913-4e14-11e4-8a57-0800271c1b75,TRUE,"Fracture: ankle, closed, unspec.",Diagnosis,N/A,,
edd4c585-4e14-11e4-8a57-0800271c1b75,TRUE,"Fracture: carpal, closed, unspec.",Diagnosis,N/A,,
ede871f9-4e14-11e4-8a57-0800271c1b75,TRUE,"Fracture: clavicle, closed, unspec.",Diagnosis,N/A,,
edeb9e62-4e14-11e4-8a57-0800271c1b75,TRUE,"Fracture: femur/hip, closed, unspec.",Diagnosis,N/A,,
edf0485d-4e14-11e4-8a57-0800271c1b75,TRUE,"Fracture: femur/shaft, closed",Diagnosis,N/A,,
edf4a297-4e14-11e4-8a57-0800271c1b75,TRUE,"Fracture: fibula, closed, unspec.",Diagnosis,N/A,,
edf87de8-4e14-11e4-8a57-0800271c1b75,TRUE,"Fracture: foot, closed, unspec. (not toes)",Diagnosis,N/A,,
edfc968f-4e14-11e4-8a57-0800271c1b75,TRUE,"Fracture: forearm, closed, unspec.",Diagnosis,N/A,,
edfefa44-4e14-11e4-8a57-0800271c1b75,TRUE,"Fracture: humerus, closed, unspec.",Diagnosis,N/A,,
ee04203d-4e14-11e4-8a57-0800271c1b75,TRUE,"Fracture: metacarpal, closed, unspec.",Diagnosis,N/A,,
ee403553-4e14-11e4-8a57-0800271c1b75,TRUE,"Fracture: nose, closed",Diagnosis,N/A,,
ee7d866b-4e14-11e4-8a57-0800271c1b75,TRUE,"Fracture: other sites, closed, unspec.",Diagnosis,N/A,,
eeb7d3f4-4e14-11e4-8a57-0800271c1b75,TRUE,"Fracture: pelvic, closed, unspec.",Diagnosis,N/A,,
eebde8db-4e14-11e4-8a57-0800271c1b75,TRUE,"Fracture: ribs, closed, unspec.",Diagnosis,N/A,,
eef89305-4e14-11e4-8a57-0800271c1b75,TRUE,"Fracture: skull, closed, unspec.",Diagnosis,N/A,,
eefd1da2-4e14-11e4-8a57-0800271c1b75,TRUE,"Fracture: tibia, closed, unspec.",Diagnosis,N/A,,
ef004bd5-4e14-11e4-8a57-0800271c1b75,TRUE,"Healed fracture, follow-up exam",Diagnosis,N/A,,
ef041c78-4e14-11e4-8a57-0800271c1b75,TRUE,"Abrasion, unspec.",Diagnosis,N/A,,
ef07112b-4e14-11e4-8a57-0800271c1b75,TRUE,"Cold injury, unspec.",Diagnosis,N/A,,
ef0981f0-4e14-11e4-8a57-0800271c1b75,TRUE,"Contusion, unspec.",Diagnosis,N/A,,
ef1876c6-4e14-11e4-8a57-0800271c1b75,TRUE,"Crushing injury, unspec.",Diagnosis,N/A,,
ef532c22-4e14-11e4-8a57-0800271c1b75,TRUE,Exhaustion due to exposure,Diagnosis,N/A,,
ef57bc0c-4e14-11e4-8a57-0800271c1b75,TRUE,"Foreign body, skin, superficial, unspec.",Diagnosis,N/A,,
ef5ae86d-4e14-11e4-8a57-0800271c1b75,TRUE,"Gunshot wound, NOS",Diagnosis,N/A,,
ef5d12b2-4e14-11e4-8a57-0800271c1b75,TRUE,"Head injury, NOS",Diagnosis,N/A,,
ef61906d-4e14-11e4-8a57-0800271c1b75,TRUE,"Heat injury, unspec.",Diagnosis,N/A,,
ef65d2a0-4e14-11e4-8a57-0800271c1b75,TRUE,Insect bite,Diagnosis,N/A,,
ef9f11e3-4e14-11e4-8a57-0800271c1b75,TRUE,"Medication, adverse effects, unspec.",Diagnosis,N/A,,
efa2daf3-4e14-11e4-8a57-0800271c1b75,TRUE,"Open wound, head/neck/trunk, unspec.",Diagnosis,N/A,,
efa65826-4e14-11e4-8a57-0800271c1b75,TRUE,"Open wound, lower limb, unspec.",Diagnosis,N/A,,
efa8a53c-4e14-11e4-8a57-0800271c1b75,TRUE,"Open wound, upper limb, unspec.",Diagnosis,N/A,,
efac5f09-4e14-11e4-8a57-0800271c1b75,TRUE,"Other trauma, unspec.",Diagnosis,N/A,,
efb709f0-4e14-11e4-8a57-0800271c1b75,TRUE,Acute nasopharyngitis,Diagnosis,N/A,,
efb8fbfe-4e14-11e4-8a57-0800271c1b75,TRUE,Pelvic congestion syndrome,Diagnosis,N/A,,
efbc8206-4e14-11e4-8a57-0800271c1b75,TRUE,Bronchitis,Diagnosis,N/A,,
efbf9d90-4e14-11e4-8a57-0800271c1b75,TRUE,Submucous leiomyoma of uterus,Diagnosis,N/A,,
efc3a75c-4e14-11e4-8a57-0800271c1b75,TRUE,Gangrene,Diagnosis,N/A,,
efc6d143-4e14-11e4-8a57-0800271c1b75,TRUE,Dermatophytosis,Diagnosis,N/A,,
efca07ce-4e14-11e4-8a57-0800271c1b75,TRUE,Premature ejaculation,Diagnosis,N/A,,
efcbd325-4e14-11e4-8a57-0800271c1b75,TRUE,Thyroid dysfunction,Diagnosis,N/A,,
efcef7b1-4e14-11e4-8a57-0800271c1b75,TRUE,Swelling of limb,Diagnosis,N/A,,
efd2679c-4e14-11e4-8a57-0800271c1b75,TRUE,Measles,Diagnosis,N/A,,
efd422cd-4e14-11e4-8a57-0800271c1b75,TRUE,Mycoses of the body,Diagnosis,N/A,,
efdab612-4e14-11e4-8a57-0800271c1b75,TRUE,Tinea nigra,Diagnosis,N/A,,
efdcfec8-4e14-11e4-8a57-0800271c1b75,TRUE,Streptococcal meningitis,Diagnosis,N/A,,
efe03f8b-4e14-11e4-8a57-0800271c1b75,TRUE,Benign intracranial hypertension,Diagnosis,N/A,,
efe3d601-4e14-11e4-8a57-0800271c1b75,TRUE,Cardiomyopathy,Diagnosis,N/A,,
efea7f2d-4e14-11e4-8a57-0800271c1b75,TRUE,Acute sinusitis,Diagnosis,N/A,,
efee2483-4e14-11e4-8a57-0800271c1b75,TRUE,Endometriosis,Diagnosis,N/A,,
eff028ad-4e14-11e4-8a57-0800271c1b75,TRUE,"Abortion with unspecified complication, incomplete",Diagnosis,N/A,,
eff42213-4e14-11e4-8a57-0800271c1b75,TRUE,Synovial cyst of popliteal space,Diagnosis,N/A,,
eff8777b-4e14-11e4-8a57-0800271c1b75,TRUE,Supervision of normal first pregnancy,Diagnosis,N/A,,
effc05ba-4e14-11e4-8a57-0800271c1b75,TRUE,Hydrocele,Diagnosis,N/A,,
efff2a60-4e14-11e4-8a57-0800271c1b75,TRUE,Anal fissure and fistula,Diagnosis,N/A,,
f0015430-4e14-11e4-8a57-0800271c1b75,TRUE,Hypoparathyroidism,Diagnosis,N/A,,
f0040ec7-4e14-11e4-8a57-0800271c1b75,TRUE,"Mycoses, Of scalp and beard",Diagnosis,N/A,,
f007aa45-4e14-11e4-8a57-0800271c1b75,TRUE,Rheumatoid arthritis,Diagnosis,N/A,,
f00b313f-4e14-11e4-8a57-0800271c1b75,TRUE,Eosinophilia,Diagnosis,N/A,,
f00d97ff-4e14-11e4-8a57-0800271c1b75,TRUE,Hemorrhoids,Diagnosis,N/A,,
f00f73de-4e14-11e4-8a57-0800271c1b75,TRUE,Uterine prolapse without mention of vaginal wall prolapse,Diagnosis,N/A,,
f01840c1-4e14-11e4-8a57-0800271c1b75,TRUE,Calculus of ureter,Diagnosis,N/A,,
f01b758e-4e14-11e4-8a57-0800271c1b75,TRUE,Nephrotic syndrome,Diagnosis,N/A,,
f01d3dde-4e14-11e4-8a57-0800271c1b75,TRUE,Female Infertility,Diagnosis,N/A,,
f01fd127-4e14-11e4-8a57-0800271c1b75,TRUE,"Nutritional Deficiency, Other protein",Diagnosis,N/A,,
f048e9b5-4e14-11e4-8a57-0800271c1b75,TRUE,Orchitis,Diagnosis,N/A,,
f04b3016-4e14-11e4-8a57-0800271c1b75,TRUE,Hypospadias,Diagnosis,N/A,,
f0874c4f-4e14-11e4-8a57-0800271c1b75,TRUE,Sciatia,Diagnosis,N/A,,
f089550b-4e14-11e4-8a57-0800271c1b75,TRUE,Cleft lip,Diagnosis,N/A,,
f08d86d6-4e14-11e4-8a57-0800271c1b75,TRUE,Infectious diarrhea,Diagnosis,N/A,,
f08f9cdf-4e14-11e4-8a57-0800271c1b75,TRUE,Dog bite,Diagnosis,N/A,,
f092493a-4e14-11e4-8a57-0800271c1b75,TRUE,Vitamin A deficiency,Diagnosis,N/A,,
f094c120-4e14-11e4-8a57-0800271c1b75,TRUE,Urticaria,Diagnosis,N/A,,
f0d261d5-4e14-11e4-8a57-0800271c1b75,TRUE,Parkinson,Diagnosis,N/A,,
f0d5275d-4e14-11e4-8a57-0800271c1b75,TRUE,Vitiligo,Diagnosis,N/A,,
f0ded4f0-4e14-11e4-8a57-0800271c1b75,TRUE,Oral aphthae,Diagnosis,N/A,,
f0e09971-4e14-11e4-8a57-0800271c1b75,TRUE,Keloid scar,Diagnosis,N/A,,
f11ef771-4e14-11e4-8a57-0800271c1b75,TRUE,Portal hypertension,Diagnosis,N/A,,
f1211b8d-4e14-11e4-8a57-0800271c1b75,TRUE,Stricture or kinking of ureter,Diagnosis,N/A,,
f125b6cc-4e14-11e4-8a57-0800271c1b75,TRUE,Allergic rhinitis,Diagnosis,N/A,,
f129df86-4e14-11e4-8a57-0800271c1b75,TRUE,Cholera,Diagnosis,N/A,,
f12b766e-4e14-11e4-8a57-0800271c1b75,TRUE,"Neoplasm, Stomach",Diagnosis,N/A,,
f16b13fd-4e14-11e4-8a57-0800271c1b75,TRUE,Calculus of kidney and ureter,Diagnosis,N/A,,
f16f3a58-4e14-11e4-8a57-0800271c1b75,TRUE,Angina Pectoris,Diagnosis,N/A,,
f171e8dc-4e14-11e4-8a57-0800271c1b75,TRUE,Atopic dermatitis and related conditions,Diagnosis,N/A,,
f1753c8f-4e14-11e4-8a57-0800271c1b75,TRUE,Ankylosing spondylitis,Diagnosis,N/A,,
f17c254b-4e14-11e4-8a57-0800271c1b75,TRUE,Hirschsprung,Diagnosis,N/A,,
f1b8dec0-4e14-11e4-8a57-0800271c1b75,TRUE,Eczema herpeticum,Diagnosis,N/A,,
f1bbf80c-4e14-11e4-8a57-0800271c1b75,TRUE,Renal failure,Diagnosis,N/A,,
f1bf4a0a-4e14-11e4-8a57-0800271c1b75,TRUE,Calculus in urethra,Diagnosis,N/A,,
f1c14d1d-4e14-11e4-8a57-0800271c1b75,TRUE,Lymphadenitis,Diagnosis,N/A,,
f1c5e152-4e14-11e4-8a57-0800271c1b75,TRUE,Rheumatic chorea,Diagnosis,N/A,,
f1c7dbfc-4e14-11e4-8a57-0800271c1b75,TRUE,Lymphangitis,Diagnosis,N/A,,
f1cae999-4e14-11e4-8a57-0800271c1b75,TRUE,Nephrotic syndrome with unspecified pathological lesion in kidney,Diagnosis,N/A,,
f207f5fd-4e14-11e4-8a57-0800271c1b75,TRUE,Abscess of breast,Diagnosis,N/A,,
f2432cce-4e14-11e4-8a57-0800271c1b75,TRUE,Amebiasis,Diagnosis,N/A,,
f2462974-4e14-11e4-8a57-0800271c1b75,TRUE,"Benign Neoplasm, Cervix uteri",Diagnosis,N/A,,
f2498695-4e14-11e4-8a57-0800271c1b75,TRUE,"Carcinoma in situ, Prostate",Diagnosis,N/A,,
f28505d5-4e14-11e4-8a57-0800271c1b75,TRUE,"Carcinoma in situ, Penis",Diagnosis,N/A,,
f2ad41e6-4e14-11e4-8a57-0800271c1b75,TRUE,Periodontosis,Diagnosis,N/A,,
f2b0476f-4e14-11e4-8a57-0800271c1b75,TRUE,Appendicitis,Diagnosis,N/A,,
f2b3ac37-4e14-11e4-8a57-0800271c1b75,TRUE,"Neoplasm, Bladder",Diagnosis,N/A,,
f2ee187d-4e14-11e4-8a57-0800271c1b75,TRUE,Hemorrhage of gastrointestinal tract,Diagnosis,N/A,,
f2f1f936-4e14-11e4-8a57-0800271c1b75,TRUE,Ulcer of heel and midfoot,Diagnosis,N/A,,
f2f76588-4e14-11e4-8a57-0800271c1b75,TRUE,Epispadias,Diagnosis,N/A,,
f2fa859e-4e14-11e4-8a57-0800271c1b75,TRUE,Spondylolysis,Diagnosis,N/A,,
f2fc25c7-4e14-11e4-8a57-0800271c1b75,TRUE,Major salivary glands,Diagnosis,N/A,,
f300c70b-4e14-11e4-8a57-0800271c1b75,TRUE,Enuresis,Diagnosis,N/A,,
f3025723-4e14-11e4-8a57-0800271c1b75,TRUE,Encopresis,Diagnosis,N/A,,
f3055d07-4e14-11e4-8a57-0800271c1b75,TRUE,Paralysis,Diagnosis,N/A,,
f309e3f6-4e14-11e4-8a57-0800271c1b75,TRUE,Mediastinitis,Diagnosis,N/A,,
f30d5cb7-4e14-11e4-8a57-0800271c1b75,TRUE,Perforation of intestine,Diagnosis,N/A,,
f310a3a3-4e14-11e4-8a57-0800271c1b75,TRUE,Stricture,Diagnosis,N/A,,
f3123fe6-4e14-11e4-8a57-0800271c1b75,TRUE,Uterovaginal prolapse,Diagnosis,N/A,,
f315f064-4e14-11e4-8a57-0800271c1b75,TRUE,Prurigo,Diagnosis,N/A,,
f31783e1-4e14-11e4-8a57-0800271c1b75,TRUE,Ulcer of other part of foot,Diagnosis,N/A,,
f31bf9bb-4e14-11e4-8a57-0800271c1b75,TRUE,Pauciarticular juvenile rheumatoid arthritis,Diagnosis,N/A,,
f31f4721-4e14-11e4-8a57-0800271c1b75,TRUE,Fasciitis,Diagnosis,N/A,,
f32227b9-4e14-11e4-8a57-0800271c1b75,TRUE,Chronic osteomyelitis,Diagnosis,N/A,,
f35731b9-4e14-11e4-8a57-0800271c1b75,TRUE,Encephalocele,Diagnosis,N/A,,
f35aa24a-4e14-11e4-8a57-0800271c1b75,TRUE,Coronary artery anomaly,Diagnosis,N/A,,
f3949526-4e14-11e4-8a57-0800271c1b75,TRUE,"FRACTURE OF NECK AND TRUNK, Rib",Diagnosis,N/A,,
f3987cff-4e14-11e4-8a57-0800271c1b75,TRUE,"FRACTURE OF UPPER LIMB, Ill",Diagnosis,N/A,,
f39c4539-4e14-11e4-8a57-0800271c1b75,TRUE,"Contusion, Chest wall",Diagnosis,N/A,,
f39fbd0f-4e14-11e4-8a57-0800271c1b75,TRUE,Nontraffic accident involving motor,Diagnosis,N/A,,
f3a240e2-4e14-11e4-8a57-0800271c1b75,TRUE,Contact dermatitis and other eczema,Diagnosis,N/A,,
c4c090ea-0a05-4bba-8d35-9fb2be3c3abe,TRUE,Deafness,Diagnosis,N/A,,
128ee904-ceb5-4795-82ee-9ed2d550d174,TRUE,"Diabetes, Diabetes Type",Diagnosis,N/A,,
4a3ad231-b335-4731-9b04-7bf77143ef05,TRUE,"Diabetes, Suspicion",Diagnosis,N/A,,
eeca97c4-c3e2-4430-85a5-a6ee9f577292,TRUE,"Diabetes, Cormorbidities",Diagnosis,N/A,,
b43dead3-f14c-4022-9ba2-32e842788157,TRUE,Medical abortion,Diagnosis,N/A,,